audit_evidence_id,audit_id,supplier_id,linked_capa_id,evidence_type,file_name,local_path,upload_date,document_status,validation_status,validation_notes,extracted_text_preview
1,1,2001,,Non-Compliance Evidence,09_labor_questionnaire_open_findings.pdf,C:\Users\chait\OneDrive\Desktop\supplier-risk-intelligence-react\uploads\auditing\evidence\46ec65d8651bd39071da9178_09_labor_questionnaire_open_findings.pdf,2026-05-04,Extracted,Needs Review,Evidence text contains gap or unresolved-status signals,"Labor Questionnaire - Open Findings
Responsible Sourcing Onboarding Checklist Evidence
Supplier: BlueRiver Cocoa Exports
Country: Brazil
Commodity: Cocoa
Evidence Status: Needs Review
Requirement Type: Labor and child-risk questionnaire
Child Labor Policy: incomplete
Worker Grievance Mechanism: missing
Open Findings: corrective action required
Follow-up: needs review by responsible sourcing team
Generated sample evidence for checklist upload testing."
